uniprot_accession,xylanase_candidate_label,length,molecular_weight,aromaticity,instability_index,gravy,predicted_pI,secondary_structure_fraction_helix,secondary_structure_fraction_turn,secondary_structure_fraction_sheet,hbond_proxy,salt_bridge_proxy,disulfide_count
Q8GMV7,1,344,37496.7311,0.1191860465116279,25.56398255813953,-0.5677325581395349,9.434126091003415,0.1627906976744186,0.3779069767441861,0.3779069767441861,,,
Q6V8M0,1,165,17796.350899999998,0.109090909090909,29.656363636363626,-0.0369696969696969,4.05309772491455,0.2121212121212121,0.3151515151515151,0.4363636363636363,,,
Q8GJ44,1,651,70149.83859999999,0.1105990783410138,32.47342549923198,-0.2271889400921659,5.100810813903808,0.1751152073732719,0.3763440860215054,0.4101382488479263,,,
Q8J1V6,1,261,27843.8386,0.1226053639846743,26.44984674329501,-0.6042145593869731,9.5432710647583,0.1685823754789272,0.4099616858237548,0.3639846743295019,,,
A0A2L1GH36,1,380,41699.2869,0.1263157894736842,16.2058947368421,-0.1963157894736842,8.38522548675537,0.1973684210526316,0.331578947368421,0.4421052631578947,26309.0,667.0,0.0
A0A8H8R2B4,1,223,23398.1329,0.1300448430493273,18.68121076233184,-0.1668161434977578,4.984575080871582,0.2197309417040358,0.3632286995515695,0.3991031390134529,14876.0,168.0,0.0
V5R355,1,189,20323.6879,0.1693121693121693,20.36560846560846,-0.5328042328042328,9.007538795471191,0.1216931216931216,0.417989417989418,0.417989417989418,13062.0,84.0,0.0
Q1K5S8,1,293,30776.0522,0.1296928327645051,22.902423208191127,-0.4873720136518772,8.466326713562013,0.1467576791808873,0.4027303754266212,0.3651877133105802,13408.0,150.0,0.0
A0A291B2S7,1,294,31091.3274,0.1224489795918367,23.2438775510204,-0.6551020408163265,8.702732276916507,0.1496598639455782,0.4353741496598639,0.3197278911564625,13378.0,204.0,0.0
A0A0U2V335,1,412,46116.6821,0.0970873786407767,36.8175,-0.2199029126213592,5.053804969787596,0.2839805825242718,0.279126213592233,0.3859223300970874,28561.0,3127.0,0.0
A0A8T9BDL5,1,223,23480.1674,0.1300448430493273,16.88340807174887,-0.2255605381165919,4.74272518157959,0.2286995515695067,0.3542600896860987,0.3991031390134529,14913.0,221.0,0.0
H6WWN7,1,232,24578.3815,0.146551724137931,22.688362068965503,-0.2883620689655172,5.709954261779786,0.1551724137931034,0.4051724137931034,0.4137931034482759,13056.0,84.0,0.0
A0AAV9NYM1,1,282,29128.178400000004,0.1170212765957446,30.72163120567375,-0.2322695035460993,4.333768653869631,0.2127659574468085,0.400709219858156,0.3546099290780141,13074.0,231.0,0.0
A0A8H8S0Y0,1,223,23370.0829,0.1300448430493273,19.52022421524663,-0.2085201793721973,4.954620933532714,0.2242152466367713,0.3721973094170404,0.3766816143497757,14828.0,168.0,0.0
A0A411KZA6,1,495,52445.555,0.0888888888888888,26.29333333333333,-0.2149494949494949,5.5515439987182615,0.2666666666666666,0.3191919191919192,0.3515151515151515,33401.0,1296.0,0.0
A0A0F9XA32,1,221,23850.7605,0.1493212669683257,19.08013574660632,-0.3380090497737557,7.87437801361084,0.1628959276018099,0.3981900452488688,0.3981900452488688,13160.0,112.0,0.0
A0A291NUI0,1,213,23358.412600000003,0.1596244131455399,15.86619718309859,-0.4281690140845071,9.442055702209473,0.1737089201877934,0.380281690140845,0.4225352112676056,13167.0,126.0,0.0
I3NRT9,1,335,35528.484699999986,0.1104477611940298,29.821820895522382,-0.4898507462686567,9.336069679260255,0.1552238805970149,0.4119402985074626,0.3671641791044776,13143.0,192.0,0.0
Q79MJ7,1,210,23312.4401,0.1523809523809524,23.032857142857136,-0.3961904761904762,9.184697914123538,0.1380952380952381,0.3523809523809524,0.4380952380952381,13129.0,150.0,0.0
A0A0S3G5Y8,1,194,21156.827,0.1597938144329896,21.5180412371134,-0.4536082474226804,9.051054954528809,0.1546391752577319,0.3814432989690722,0.4278350515463917,13539.0,112.0,0.0
Q2LMP0,1,227,23823.7747,0.1277533039647577,25.28061674008809,-0.1969162995594713,7.798498725891113,0.224669603524229,0.3656387665198238,0.4052863436123348,13257.0,154.0,0.0
A0A6M5Z4H3,1,502,54463.3202,0.0836653386454183,38.40139442231076,0.0254980079681274,4.760743141174316,0.3565737051792829,0.2649402390438247,0.3645418326693227,34843.0,3136.0,0.0
B3VSG7,1,227,23823.7747,0.1277533039647577,25.28061674008809,-0.1969162995594713,7.798498725891113,0.224669603524229,0.3656387665198238,0.4052863436123348,13257.0,154.0,0.0
Q6UN40,1,267,28160.3819,0.1198501872659176,26.20977528089889,-0.4404494382022473,9.17457637786865,0.1910112359550562,0.404494382022472,0.3595505617977528,13412.0,165.0,0.0
A0A0B5JC15,1,291,30839.0577,0.1237113402061855,24.432989690721644,-0.6518900343642612,8.702732276916507,0.147766323024055,0.4329896907216495,0.3230240549828178,13378.0,204.0,0.0
U5HU68,1,230,25171.2726,0.1478260869565217,23.13526086956521,-0.4882608695652174,8.76894130706787,0.2043478260869565,0.3521739130434783,0.3695652173913043,15890.0,216.0,0.0
Q8J1V4,1,224,24607.0281,0.1339285714285714,32.44017857142857,-0.4723214285714286,8.488245964050293,0.2053571428571428,0.3571428571428571,0.3705357142857143,15500.0,374.0,0.0
A0A4D6DK93,1,330,36685.8377,0.103030303030303,32.50939393939395,-0.3624242424242424,7.206638526916504,0.3060606060606061,0.2636363636363637,0.3515151515151515,23677.0,1794.0,0.0
Q9RQB7,1,1183,124135.7024,0.0879120879120879,24.00845308537633,-0.1186813186813186,4.2100301742553725,0.2671174978867287,0.3322062552831784,0.3736263736263736,78754.0,12160.0,0.0
W5VXL4,1,376,40765.832,0.1303191489361702,31.72505319148935,-0.3901595744680851,9.184955787658687,0.151595744680851,0.3670212765957448,0.375,24341.0,465.0,0.0
U5HTS3,1,216,23057.7825,0.1435185185185185,30.6560648148148,-0.2694444444444444,5.845913124084471,0.1805555555555556,0.3935185185185185,0.375,14538.0,132.0,0.0
Q9RQB8,1,335,34382.9954,0.1044776119402985,24.382716417910448,-0.2928358208955224,9.183988761901857,0.1731343283582089,0.4089552238805971,0.3671641791044776,21623.0,299.0,0.0
A0ABM8V1H3,1,210,23571.7195,0.1857142857142856,11.593333333333335,-0.4228571428571428,9.097149848937988,0.1904761904761904,0.3571428571428571,0.3952380952380952,15135.0,144.0,0.0
B1A3N2,1,1276,138238.1047,0.0909090909090909,22.06999216300951,-0.3906739811912226,4.743464088439941,0.2860501567398119,0.3377742946708464,0.3605015673981191,87698.0,21840.0,0.0
Q96UV7,1,283,29473.8211,0.1236749116607773,29.285194346289742,-0.2346289752650177,4.550041007995605,0.1413427561837456,0.3957597173144876,0.431095406360424,13075.0,96.0,0.0
A0ABN7S928,1,334,38540.9679,0.1197604790419161,37.603922155688615,-0.4988023952095808,5.541824531555173,0.3473053892215569,0.2335329341317365,0.3473053892215569,24504.0,2703.0,0.0
Q8J1V5,1,230,24669.7856,0.1434782608695652,16.788695652173907,-0.3817391304347826,9.160006523132324,0.2217391304347826,0.3652173913043478,0.3956521739130434,15461.0,220.0,0.0
G9DBG3,1,233,25013.9369,0.1287553648068669,30.892274678111576,-0.2618025751072961,4.38753833770752,0.167381974248927,0.407725321888412,0.407725321888412,12164.0,78.0,0.0
D2KPJ0,1,210,23312.4401,0.1523809523809524,23.032857142857136,-0.3961904761904762,9.184697914123538,0.1380952380952381,0.3523809523809524,0.4380952380952381,13129.0,150.0,0.0
P14768,0,611,64803.3873,0.0916530278232405,42.70181669394447,-0.2875613747954174,6.082761192321778,0.2176759410801964,0.4108019639934533,0.309328968903437,,,
V9TS54,0,221,24700.994700000007,0.1447963800904977,34.21769230769231,-0.4981900452488688,8.72768154144287,0.1855203619909502,0.3619909502262443,0.3891402714932127,14356.0,352.0,0.0
B3PIN1,0,661,69192.0882,0.0937972768532526,31.956323751891084,-0.4576399394856278,6.405947685241699,0.1664145234493192,0.4417549167927383,0.3146747352496218,14376.0,165.0,0.0
Q59674,0,661,69192.0882,0.0937972768532526,31.956323751891084,-0.4576399394856278,6.405947685241699,0.1664145234493192,0.4417549167927383,0.3146747352496218,14376.0,165.0,0.0
A0A2D0WJC8,0,217,23412.9231,0.1612903225806451,24.888479262672806,-0.4552995391705069,4.630866050720214,0.1705069124423963,0.423963133640553,0.3870967741935484,13258.0,112.0,0.0
V9TXH2,0,210,23145.1996,0.1714285714285714,19.571476190476183,-0.4119047619047619,9.300160789489745,0.1476190476190476,0.3809523809523809,0.4238095238095238,13062.0,88.0,0.0
Q45UD8,0,211,22638.2696,0.1516587677725118,23.06303317535543,-0.1563981042654028,4.3100667953491225,0.1895734597156398,0.3696682464454977,0.4075829383886256,12989.0,84.0,0.0
A0A024FSH9,0,404,42897.0231,0.099009900990099,31.8834405940594,-0.0853960396039604,4.492633628845215,0.2326732673267327,0.3514851485148514,0.3886138613861386,27792.0,600.0,0.0
S4S3F1,0,234,25508.676,0.1111111111111111,31.666709401709408,-0.3072649572649573,4.2890932083129885,0.1880341880341881,0.3717948717948718,0.3888888888888889,12217.0,144.0,0.0
A0A286N5W6,0,902,98762.3606,0.0942350332594235,33.004911308204115,-0.3501108647450111,4.7145898818969725,0.270509977827051,0.3248337028824833,0.3691796008869179,63002.0,7676.0,0.0
A0A291B2W8,0,227,24999.4456,0.1365638766519824,31.323788546255496,-0.4766519823788546,8.489664268493652,0.211453744493392,0.3127753303964757,0.3700440528634361,14017.0,300.0,0.0
B3PIN0,0,357,37897.5262,0.1176470588235294,32.80117647058824,-0.4843137254901961,8.669659996032717,0.1456582633053221,0.4313725490196079,0.3529411764705882,23968.0,450.0,0.0
Q21G61,0,767,80783.6335,0.0925684485006518,27.05868318122554,-0.5413298565840938,4.607050514221191,0.1603650586701434,0.4250325945241199,0.3376792698826597,13752.0,143.0,0.0
E0S1S5,0,996,109454.9694,0.1224899598393574,25.62585341365464,-0.4669678714859438,5.490044212341308,0.2379518072289156,0.3724899598393574,0.3614457831325301,69469.0,7743.0,0.0
A0ABM8UZ22,0,1474,160427.40709999998,0.087516960651289,30.35902985074645,-0.3346675712347354,4.622056007385253,0.2930800542740841,0.3263229308005427,0.3609226594301221,37260.0,4636.0,0.0
J7JXS8,0,1454,160052.7049,0.09353507565337,27.137771664374323,-0.3740027510316368,4.869646644592284,0.2668500687757909,0.3445667125171939,0.375515818431912,95387.0,22344.0,0.0
Q7SDQ1,0,220,23847.7103,0.15,19.015499999999992,-0.500909090909091,9.197462654113773,0.1954545454545454,0.3863636363636364,0.3681818181818181,13405.0,112.0,0.0
B9VSZ3,0,471,49421.8835,0.0764331210191082,29.942675159235648,-0.3537154989384288,8.88066501617432,0.2420382165605096,0.3460721868365179,0.3248407643312102,21985.0,986.0,0.0
A0A2L1GIZ3,0,218,23617.0298,0.1513761467889908,20.971559633027507,-0.4513761467889909,4.2225347518920895,0.1605504587155963,0.4036697247706422,0.4082568807339449,14944.0,242.0,0.0
A0A8D5NPL2,0,331,35420.4376,0.120845921450151,23.653504531722067,-0.3894259818731118,9.199396705627445,0.1631419939577039,0.3957703927492447,0.3806646525679758,22225.0,360.0,0.0
D3GKE3,0,385,41425.9429,0.1116883116883116,22.806779220779227,-0.5212987012987014,6.438686943054199,0.2103896103896104,0.3922077922077921,0.3740259740259741,23558.0,600.0,0.0
A0A0K3A9X5,0,403,44466.2062,0.0992555831265508,28.88238213399504,-0.1985111662531017,8.763783836364745,0.3325062034739454,0.2655086848635236,0.3325062034739454,28451.0,2520.0,0.0
Q6GVM9,0,542,59745.1397,0.1236162361623616,23.40909594095941,-0.5588560885608855,5.338568305969238,0.2214022140221402,0.3726937269372694,0.3653136531365313,37549.0,2448.0,0.0
G0YP27,0,256,28020.577,0.12890625,35.34027343750001,-0.301171875,4.704188346862792,0.2109375,0.35546875,0.3984375,17593.0,540.0,0.0
E9S8N5,0,540,59500.7861,0.124074074074074,23.458759259259253,-0.5714814814814815,5.338568305969238,0.2185185185185185,0.3740740740740741,0.3648148148148148,37543.0,2448.0,0.0
J7FK35,0,473,50360.8876,0.095137420718816,34.57061310782239,-0.2357293868921776,4.7242525100708,0.2600422832980972,0.3319238900634249,0.3699788583509513,32205.0,1530.0,0.0
A0A0K3A1E7,0,404,44544.2138,0.0965346534653465,29.30173267326732,-0.2141089108910891,7.134850883483888,0.344059405940594,0.2623762376237624,0.3193069306930693,28377.0,2632.0,0.0
G0YP25,0,225,24057.8449,0.1333333333333333,22.236044444444428,-0.38,5.013392448425292,0.1955555555555556,0.3733333333333333,0.4,13077.0,140.0,0.0
Q8VP72,0,357,37911.55280000001,0.1176470588235294,32.80117647058824,-0.4840336134453782,8.669659996032717,0.1456582633053221,0.4285714285714285,0.3557422969187675,19332.0,280.0,0.0
P23030,0,599,64362.0887,0.0968280467445742,32.64075125208682,-0.3011686143572621,6.365250968933106,0.2136894824707846,0.3606010016694491,0.3606010016694491,20765.0,667.0,0.0
Q9HEN7,0,114,12692.7111,0.1578947368421052,15.385964912280706,-0.7008771929824562,9.644164085388184,0.1228070175438596,0.3859649122807017,0.3771929824561404,7995.0,40.0,0.0
A0A5P6VQ80,0,694,76443.6331,0.1152737752161383,16.463559077809798,-0.4403458213256484,8.638134956359862,0.2507204610951009,0.3357348703170029,0.3919308357348703,48490.0,3432.0,0.0
A0A291B2R6,0,227,25614.6671,0.1674008810572687,32.517268722466945,-0.7004405286343612,8.615957832336429,0.1541850220264317,0.3480176211453744,0.3744493392070484,14030.0,204.0,0.0
F2Z9G6,0,577,61811.4192,0.1091854419410745,20.04402079722703,-0.2649913344887348,5.62435474395752,0.2287694974003466,0.3726169844020797,0.3847487001733102,38616.0,1443.0,0.0
A0ACD6BAS8,0,224,25053.9715,0.125,29.035758928571425,-0.6991071428571428,5.30759105682373,0.1919642857142857,0.3303571428571428,0.3660714285714286,,,
A0A2Z5XER4,0,404,42768.1713,0.0965346534653465,28.41611386138613,-0.0972772277227723,5.064263343811034,0.2772277227722772,0.297029702970297,0.4034653465346535,27619.0,754.0,0.0
E0S2F5,0,1233,136886.414,0.1086780210867802,27.760356853203763,-0.4490673154906732,4.554701805114747,0.3268450932684509,0.2903487429034874,0.364963503649635,85718.0,29820.0,0.0
Q9HEP2,0,114,12614.6423,0.1491228070175438,15.878070175438598,-0.6552631578947369,9.694449424743652,0.1228070175438596,0.3859649122807017,0.3771929824561404,7949.0,40.0,0.0
Q4P0L3,0,221,23812.6286,0.1493212669683258,28.49909502262442,-0.4828054298642534,8.939524650573734,0.2126696832579185,0.3846153846153846,0.334841628959276,12722.0,144.0,0.0
A5H0S3,0,213,23401.5914,0.1596244131455399,24.4262910798122,-0.4577464788732394,9.696641349792484,0.1877934272300469,0.380281690140845,0.4084507042253521,12993.0,144.0,0.0
Q21NZ2,0,670,75153.7582,0.1134328358208955,39.056283582089655,-0.516268656716418,4.326663780212404,0.2716417910447761,0.3298507462686567,0.3567164179104478,48114.0,5665.0,0.0
A0A3Q8TLG0,0,478,53806.4271,0.098326359832636,42.91612970711297,-0.5974895397489539,5.20727024078369,0.294979079497908,0.3158995815899581,0.3326359832635983,34360.0,4824.0,0.0
Q9HEN5,0,114,12692.7111,0.1578947368421052,19.83070175438596,-0.7035087719298246,9.644164085388184,0.1228070175438596,0.3771929824561404,0.3771929824561404,8005.0,40.0,0.0
B3A0S5,0,327,36197.3094,0.0886850152905198,26.428746177370023,-0.4464831804281345,8.565930366516112,0.2935779816513761,0.2966360856269113,0.345565749235474,,,
A0A291NUE5,0,213,23478.6322,0.164319248826291,23.65727699530516,-0.447887323943662,9.645646858215333,0.1830985915492957,0.3755868544600939,0.4131455399061033,13203.0,136.0,0.0
B5SYI8,0,213,23432.6054,0.1596244131455399,24.4262910798122,-0.4666666666666667,9.696641349792484,0.1877934272300469,0.3755868544600939,0.4084507042253521,13007.0,144.0,0.0
Q9HEN3,0,114,12758.6831,0.1666666666666666,13.270175438596487,-0.8184210526315789,9.434448432922364,0.1228070175438596,0.3947368421052632,0.3771929824561404,8034.0,50.0,0.0
Q21GI8,0,619,65021.7208,0.0920840064620355,50.28678513731843,-0.3126009693053312,5.148498725891112,0.2132471728594507,0.4345718901453957,0.3021001615508885,41538.0,1760.0,0.0
A0A1X9RHS0,0,333,38731.1001,0.1171171171171171,47.40093093093092,-0.4687687687687688,5.323562812805174,0.3123123123123123,0.2492492492492493,0.3753753753753753,24906.0,2499.0,0.0
A0A059P9J8,0,351,37931.1541,0.094017094017094,28.083789173789164,-0.0974358974358974,4.572833442687989,0.2991452991452991,0.2877492877492877,0.4131054131054131,22618.0,748.0,0.0
Q7Z8B8,0,337,36742.0792,0.1186943620178041,18.329703264094952,-0.56973293768546,6.818939781188964,0.2077151335311572,0.344213649851632,0.3501483679525222,22838.0,1152.0,0.0
E3WF08,0,349,40472.9089,0.1117478510028653,43.62151862464185,-0.4911174785100287,5.5188615798950185,0.3065902578796561,0.2521489971346705,0.3667621776504298,25051.0,2862.0,0.0
G0YP28,0,231,24845.4738,0.1255411255411255,25.19614718614717,-0.3593073593073593,4.0500284194946286,0.2727272727272727,0.3506493506493506,0.3982683982683983,15336.0,352.0,0.0
A0ACD6BAA5,0,408,47680.1261,0.1127450980392156,30.94558823529412,-0.6607843137254903,6.101574897766112,0.3382352941176471,0.2352941176470588,0.3284313725490196,,,
A0A8T9CAR3,0,166,18070.026,0.1265060240963855,34.0072891566265,-0.2138554216867469,8.546783256530762,0.2771084337349397,0.3253012048192771,0.3734939759036144,11233.0,165.0,0.0
Q5YB84,0,607,66214.3455,0.1252059308072487,17.31879736408567,-0.5112026359143328,6.710263633728028,0.214168039538715,0.3426688632619439,0.3558484349258649,15137.0,506.0,0.0
V9NCQ7,0,366,40368.5408,0.1256830601092896,26.599781420765048,-0.4909836065573771,4.683839988708496,0.1885245901639344,0.3688524590163935,0.3852459016393442,23686.0,1107.0,0.0
E0RYH1,0,476,53629.4024,0.1071428571428571,45.09771008403364,-0.7090336134453782,4.677871894836424,0.2983193277310924,0.3214285714285714,0.3403361344537815,34271.0,4104.0,0.0
A0A0C4K5J5,0,344,38408.5756,0.1220930232558139,30.89566860465116,-0.2523255813953489,4.653090095520018,0.2994186046511628,0.3052325581395349,0.3779069767441861,23100.0,1320.0,0.0
U5HTZ3,0,396,41812.4407,0.0909090909090909,31.21037878787877,-0.0656565656565656,5.940493202209471,0.2575757575757576,0.3257575757575757,0.3813131313131313,26966.0,783.0,0.0
A0A9P5GH10,0,360,40406.9492,0.1277777777777777,38.315333333333314,-0.2761111111111111,5.152989006042478,0.3083333333333333,0.2527777777777777,0.3888888888888889,26045.0,1596.0,0.0
Q288H9,0,371,42137.9126,0.0997304582210242,29.166064690026943,-0.4320754716981132,8.601387977600101,0.3665768194070081,0.2964959568733153,0.3557951482479784,24703.0,2520.0,0.0
E0RXQ0,0,434,48532.6259,0.1105990783410138,28.64103686635945,-0.4587557603686636,4.549472618103027,0.3341013824884793,0.3018433179723502,0.3317972350230415,30877.0,2948.0,0.0
A0ABN7RUD1,0,210,23348.833,0.1428571428571428,25.01095238095237,-0.2419047619047619,7.986101722717287,0.2571428571428572,0.3190476190476191,0.3761904761904762,14742.0,300.0,0.0
A0A8E4VW23,0,404,43708.3996,0.099009900990099,28.53269801980198,-0.2653465346534653,6.166598701477049,0.2648514851485149,0.3168316831683168,0.3886138613861386,22551.0,1054.0,0.0
A0A6B9D8N2,0,216,23202.8328,0.1388888888888889,19.01208333333332,-0.4689814814814814,4.938819694519042,0.2083333333333333,0.4027777777777778,0.3703703703703704,13337.0,195.0,0.0
D5EY13,0,726,82287.8563,0.1198347107438016,36.53308539944916,-0.4862258953168045,7.900358772277832,0.3168044077134986,0.2933884297520661,0.3415977961432507,24110.0,1886.0,0.0
A0A8D5NM93,0,477,51194.3325,0.0838574423480083,26.95052410901468,-0.3549266247379455,7.022480201721192,0.2557651991614256,0.3396226415094339,0.3249475890985325,61606.0,6888.0,0.0
A7TVD4,0,478,51143.3806,0.0878661087866108,33.05523012552302,-0.3389121338912134,8.270665168762209,0.2656903765690377,0.3242677824267782,0.3221757322175732,61880.0,7176.0,0.0
Q59675,0,606,64883.2702,0.0775577557755775,39.13466996699679,-0.176072607260726,4.692706871032715,0.2805280528052805,0.3498349834983498,0.3481848184818482,,,
A0ACD6B907,0,268,29836.9537,0.1492537313432836,27.15003731343284,-0.439179104477612,6.222471427917481,0.2388059701492537,0.3432835820895522,0.3656716417910448,,,
A0A2P0ZW24,0,481,51936.0809,0.1143451143451143,21.82349272349272,-0.3070686070686071,7.724384880065918,0.2536382536382536,0.367983367983368,0.3555093555093555,33083.0,1353.0,0.0
B3PDA8,0,606,64883.2702,0.0775577557755775,39.13466996699679,-0.176072607260726,4.692706871032715,0.2805280528052805,0.3498349834983498,0.3481848184818482,36067.0,3234.0,0.0
Q21PD4,0,574,61729.3636,0.1010452961672474,41.716411149825845,-0.4172473867595819,4.900226020812987,0.210801393728223,0.4250871080139373,0.3205574912891986,39372.0,2193.0,0.0
F6LP79,0,377,43214.0721,0.1326259946949602,35.472758620689675,-0.4856763925729442,4.557032203674316,0.363395225464191,0.273209549071618,0.3580901856763926,24898.0,2480.0,0.0
A0A5P6VU75,0,1295,143683.3278,0.0911196911196911,31.099467181467386,-0.6131274131274131,4.602503395080566,0.3335907335907336,0.3135135135135135,0.3366795366795367,39579.0,6188.0,0.0
Q0PRN5,0,423,47343.0788,0.1252955082742316,24.45791962174941,-0.258628841607565,6.019158363342284,0.3144208037825059,0.3073286052009456,0.3640661938534279,30432.0,1848.0,0.0
E9SDY0,0,830,91331.0101,0.1180722891566264,23.291337349397587,-0.4804819277108434,5.159866523742674,0.272289156626506,0.3313253012048192,0.3638554216867469,57783.0,7812.0,0.0
Q9HDL7,0,114,12779.7148,0.1403508771929824,34.03333333333333,-0.9140350877192984,9.558807945251464,0.1491228070175438,0.3771929824561404,0.368421052631579,8047.0,72.0,0.0
Q9HEN4,0,114,12778.7732,0.1403508771929824,28.489473684210523,-0.8736842105263157,9.69528751373291,0.1578947368421052,0.3684210526315789,0.368421052631579,8075.0,78.0,0.0
Q7RW51,0,431,45898.9625,0.0974477958236659,36.32273781902552,-0.2099767981438515,7.982169151306152,0.2946635730858468,0.3039443155452436,0.3410672853828306,22436.0,899.0,0.0
A0A7M3UE38,0,352,39177.0599,0.1079545454545454,36.88957386363636,-0.3707386363636364,8.65012607574463,0.34375,0.2698863636363636,0.3607954545454545,25148.0,2132.0,0.0
P83513,0,602,65922.14069999999,0.106312292358804,27.42975083056477,-0.4950166112956811,5.494932365417481,0.2142857142857142,0.372093023255814,0.3604651162790698,24157.0,992.0,0.0
Q9HEP3,0,114,12779.7148,0.1403508771929824,34.03333333333333,-0.9140350877192984,9.558807945251464,0.1491228070175438,0.3771929824561404,0.368421052631579,8047.0,72.0,0.0
Q7S0Y0,0,329,35793.0438,0.0851063829787234,32.65413373860181,-0.2711246200607903,8.28639545440674,0.3069908814589665,0.3191489361702128,0.3404255319148936,21450.0,800.0,0.0
A0A024FRL8,0,382,39971.333,0.0916230366492146,31.71782722513088,0.0732984293193717,6.0748605728149405,0.2617801047120419,0.3376963350785339,0.3743455497382199,25701.0,675.0,0.0
A0ABN7S882,0,429,47939.9598,0.0815850815850815,36.19370629370631,-0.4962703962703962,4.725787162780762,0.372960372960373,0.2703962703962704,0.303030303030303,30221.0,4256.0,0.0
E0S1Z8,0,692,79690.1152,0.1329479768786127,37.76361271676307,-0.4345375722543353,5.187603950500487,0.3265895953757225,0.2745664739884393,0.3699421965317919,50731.0,8811.0,0.0
Q7S6C2,0,445,48886.3726,0.101123595505618,39.45865168539326,-0.1550561797752809,8.106464195251466,0.3460674157303371,0.2696629213483146,0.3685393258426967,23993.0,1440.0,0.0
F6LP81,0,757,82425.3044,0.1083223249669749,20.91665785997359,-0.5351387054161163,6.67979793548584,0.2589167767503302,0.3527080581241744,0.3461030383091149,14898.0,550.0,0.0
Q8GMV6,0,492,53597.499,0.0975609756097561,36.30081300813008,-0.5042682926829268,6.602951622009277,0.217479674796748,0.3556910569105691,0.3150406504065041,34040.0,2064.0,0.0
A0A024FS83,0,398,42553.3211,0.1030150753768844,29.24349246231155,-0.0105527638190954,4.783137702941893,0.271356783919598,0.314070351758794,0.3768844221105527,27470.0,720.0,0.0
F0BDW7,0,330,36877.1165,0.109090909090909,40.14333333333335,-0.3724242424242424,5.767645835876464,0.3121212121212121,0.2848484848484848,0.3393939393939393,23812.0,1295.0,0.0
G9BY19,0,356,39708.9689,0.1207865168539326,27.28376404494381,-0.3143258426966292,4.663548469543457,0.3089887640449438,0.2893258426966292,0.3735955056179776,25507.0,1645.0,0.0
G1E731,0,396,45384.9123,0.1186868686868687,31.67979797979798,-0.5810606060606059,4.7672227859497065,0.297979797979798,0.2929292929292929,0.3611111111111111,26795.0,2816.0,0.0
B3PC74,0,378,43262.0309,0.0952380952380952,33.28280423280423,-0.4031746031746032,6.9348344802856445,0.3492063492063492,0.2539682539682539,0.3571428571428571,27737.0,3038.0,0.0
Q546Y2,0,396,45293.7157,0.1161616161616161,32.685101010101,-0.5752525252525252,4.660422325134278,0.3005050505050505,0.2954545454545455,0.3560606060606061,26717.0,2838.0,0.0
F0BDW4,0,110,11446.1424,0.0545454545454545,50.34272727272728,0.1336363636363636,10.081775474548335,0.3636363636363637,0.2727272727272727,0.2545454545454545,6906.0,90.0,0.0
A0A173M083,0,541,59886.05769999999,0.1127541589648798,27.12883548983365,-0.2504621072088725,5.2216505050659165,0.2939001848428835,0.3290203327171904,0.3696857670979667,21743.0,918.0,0.0
A0A024FRX8,0,383,40181.4718,0.0913838120104438,31.862167101827666,0.0315926892950391,5.801578712463377,0.2558746736292428,0.3394255874673629,0.3759791122715405,25811.0,702.0,0.0
E9NSU0,0,327,35485.7492,0.091743119266055,31.042232415902127,-0.1403669724770642,6.169554328918457,0.3027522935779817,0.3180428134556575,0.3669724770642202,21325.0,1020.0,0.0
A0ABN7S7D7,0,445,49048.3566,0.0786516853932584,38.24494382022473,-0.369438202247191,4.600741386413574,0.3393258426966292,0.3191011235955056,0.3146067415730337,31143.0,4212.0,0.0
E9SA77,0,682,74813.9871,0.0982404692082111,29.40970674486802,-0.4822580645161289,4.4904169082641605,0.3035190615835777,0.3167155425219941,0.3431085043988269,47039.0,7952.0,0.0
Q9HEN6,0,114,12820.77,0.1403508771929824,34.86140350877192,-0.9482456140350876,9.69528751373291,0.1491228070175438,0.3859649122807018,0.3508771929824562,8062.0,78.0,0.0
A0A7G1PUW3,0,328,35274.3069,0.0853658536585365,23.960365853658534,-0.0932926829268292,6.519170951843263,0.3231707317073171,0.2835365853658537,0.3841463414634145,21371.0,837.0,0.0
Q21MW6,0,275,30393.1159,0.1345454545454545,32.384072727272724,-0.4818181818181818,6.302671241760254,0.2072727272727272,0.3781818181818182,0.3418181818181818,19032.0,728.0,0.0
A0A0K8J318,0,220,24640.6665,0.0772727272727272,26.81545454545455,-0.2759090909090909,4.488711738586424,0.3409090909090909,0.3136363636363637,0.3863636363636364,15667.0,975.0,0.0
A0A075WJH8,0,396,42587.685,0.106060606060606,28.68840909090909,-0.2080808080808081,4.556236457824707,0.2702020202020202,0.3409090909090909,0.3611111111111111,22700.0,980.0,0.0
Q7S3P8,0,384,42325.0883,0.1067708333333333,31.429713541666665,-0.35546875,6.073780632019043,0.3307291666666667,0.2786458333333333,0.3567708333333333,23769.0,1720.0,0.0
Q21HD6,0,374,42380.8959,0.1122994652406417,36.21018716577539,-0.3481283422459894,8.74721546173096,0.3315508021390374,0.2647058823529412,0.3529411764705882,27149.0,2262.0,0.0
D6CGY9,0,378,43149.9527,0.0952380952380952,29.47357142857141,-0.4410052910052909,7.720121955871582,0.3465608465608465,0.246031746031746,0.3518518518518518,27483.0,3224.0,0.0
A0A7U4XSS7,0,270,30969.4349,0.1074074074074074,28.708148148148144,-0.4133333333333333,9.097536659240726,0.337037037037037,0.2851851851851852,0.3777777777777777,19850.0,1680.0,0.0
P84195,0,45,4771.2931,0.1111111111111111,31.25333333333333,-0.0488888888888889,4.558112144470216,0.3333333333333333,0.3555555555555556,0.4,2937.0,6.0,0.0
A0AAW8VCD8,0,716,81122.8094,0.1187150837988827,32.8848184357542,-0.5043296089385475,6.614262580871582,0.2849162011173184,0.3058659217877095,0.3505586592178771,51675.0,9434.0,0.0
I4DXK6,0,318,35123.4044,0.1132075471698113,23.47924528301885,-0.1915094339622641,9.348512077331543,0.2955974842767295,0.2924528301886792,0.3710691823899371,22565.0,828.0,0.0
K9TUC6,0,47,4364.9067,0.0638297872340425,87.96170212765956,0.3085106382978723,5.820676612854004,0.3191489361702128,0.4893617021276596,0.2765957446808511,2732.0,4.0,0.0
